ID,orderNumber,description,status,orderType,plantCode,plantName,location,equipmentNumber,equipmentDescription,scheduledStart,scheduledEnd,workCenter,planner,equipmentCriticality,safetyRisk,productionImpact,priority,priorityScore,estimatedDowntimeHrs,downtimeCostPerHour,currency,failureRiskScore
eceb6bcf-fce3-489f-9d15-15b25a983667,ORD-3000,"Compressor Unit - High criticality / High safety / High production impact (case 1)",Open,Corrective,P100,Jubail Plant,Compressor House,EQ-1000,Compressor Unit,2026-08-13T06:00:00.000Z,2026-08-13T08:00:00.000Z,WC-MECH,Ahmed Al-Otaibi,High,High,High,Urgent,100,1.00,300.00,SAR,10
982b5c7a-44f6-4595-8bee-328ee5f7f777,ORD-3001,"Conveyor Motor - High criticality / High safety / Medium production impact (case 2)",InProcess,Preventive,P200,Yanbu Plant,Line 1,EQ-1001,Conveyor Motor,2026-08-14T07:00:00.000Z,2026-08-14T10:00:00.000Z,WC-ELEC,Sara Al-Qahtani,High,High,Medium,Urgent,100,2.00,550.00,SAR,11
07f7bf46-0079-4295-b0e8-87c2a222c1e2,ORD-3002,"Backup Generator - High criticality / High safety / Low production impact (case 3)",Planned,Predictive,P300,Dammam Plant,Line 2,EQ-1002,Backup Generator,2026-08-15T08:00:00.000Z,2026-08-15T12:00:00.000Z,WC-INST,Mohammed Al-Harbi,High,High,Low,Urgent,100,3.00,800.00,SAR,12
0681cfe0-954f-45d3-ab26-3c1e000875fc,ORD-3003,"Packaging Machine - Medium criticality / High safety / High production impact (case 4)",Completed,Corrective,P400,Riyadh Plant,Boiler Room,EQ-1003,Packaging Machine,2026-08-16T09:00:00.000Z,2026-08-16T14:00:00.000Z,WC-CIVIL,Fatimah Al-Zahrani,Medium,High,High,Urgent,100,4.00,1050.00,SAR,13
815c4522-68ca-4144-b168-e152b9d4154e,ORD-3004,"Pressure Sensor - Medium criticality / High safety / Medium production impact (case 5)",Open,Preventive,P100,Jubail Plant,Utility Yard,EQ-1004,Pressure Sensor,2026-08-17T10:00:00.000Z,2026-08-17T16:00:00.000Z,WC-MECH,Khalid Al-Dosari,Medium,High,Medium,Urgent,100,5.00,1300.00,SAR,14
c3b00702-3f1a-48cc-9022-fce3903b9a90,ORD-3005,"Pump Station Motor - Medium criticality / High safety / Low production impact (case 6)",InProcess,Predictive,P200,Yanbu Plant,Packaging Hall,EQ-1005,Pump Station Motor,2026-08-18T11:00:00.000Z,2026-08-18T18:00:00.000Z,WC-ELEC,Noura Al-Shehri,Medium,High,Low,Urgent,100,6.00,1550.00,SAR,15
256688b3-28d0-4ab9-8c82-80a46a68ef60,ORD-3006,"Cooling Tower Fan - Low criticality / High safety / High production impact (case 7)",Planned,Corrective,P300,Dammam Plant,Tank Farm,EQ-1006,Cooling Tower Fan,2026-08-19T12:00:00.000Z,2026-08-19T14:00:00.000Z,WC-INST,Faisal Al-Ghamdi,Low,High,High,Urgent,100,7.00,1800.00,SAR,16
0e0f1790-f3c7-4ac4-a5e9-df658477fe46,ORD-3007,"Valve Actuator - Low criticality / High safety / Medium production impact (case 8)",Completed,Preventive,P400,Riyadh Plant,Control Room,EQ-1007,Valve Actuator,2026-08-20T13:00:00.000Z,2026-08-20T16:00:00.000Z,WC-CIVIL,Huda Al-Malki,Low,High,Medium,Urgent,100,8.00,2050.00,SAR,17
b4384cd8-febe-4394-a8af-c4f6b4d837b9,ORD-3008,"Control Panel - Low criticality / High safety / Low production impact (case 9)",Open,Predictive,P100,Jubail Plant,Pump Station,EQ-1008,Control Panel,2026-08-21T14:00:00.000Z,2026-08-21T18:00:00.000Z,WC-MECH,Abdullah Al-Amri,Low,High,Low,Urgent,100,1.00,2300.00,SAR,18
fd80b9d9-5c0e-40b1-b298-98a92181f62e,ORD-3009,"Heat Exchanger - High criticality / Medium safety / High production impact (case 10)",InProcess,Corrective,P200,Yanbu Plant,Cooling Tower,EQ-1009,Heat Exchanger,2026-08-22T15:00:00.000Z,2026-08-22T20:00:00.000Z,WC-ELEC,Reem Al-Subaie,High,Medium,High,High,15,2.00,2550.00,SAR,19
a03e1c47-faf9-438c-aab7-2702e41b6b67,ORD-3010,"Compressor Unit - High criticality / Medium safety / Medium production impact (case 11)",Planned,Preventive,P300,Dammam Plant,Compressor House,EQ-1010,Compressor Unit,2026-08-23T06:00:00.000Z,2026-08-23T12:00:00.000Z,WC-INST,Ahmed Al-Otaibi,High,Medium,Medium,High,14,3.00,2800.00,SAR,20
f3c824bf-8784-4a8d-a084-0ca198ea8de4,ORD-3011,"Conveyor Motor - High criticality / Medium safety / Low production impact (case 12)",Completed,Predictive,P400,Riyadh Plant,Line 1,EQ-1011,Conveyor Motor,2026-08-24T07:00:00.000Z,2026-08-24T14:00:00.000Z,WC-CIVIL,Sara Al-Qahtani,High,Medium,Low,High,13,4.00,3050.00,SAR,21
a08eed0e-97b4-42ae-a98f-123ff82e84b5,ORD-3012,"Backup Generator - Medium criticality / Medium safety / High production impact (case 13)",Open,Corrective,P100,Jubail Plant,Line 2,EQ-1012,Backup Generator,2026-08-25T08:00:00.000Z,2026-08-25T10:00:00.000Z,WC-MECH,Mohammed Al-Harbi,Medium,Medium,High,High,13,5.00,3300.00,SAR,22
225f377f-aad9-41a5-bed2-be70cae62743,ORD-3013,"Packaging Machine - Medium criticality / Medium safety / Medium production impact (case 14)",InProcess,Preventive,P200,Yanbu Plant,Boiler Room,EQ-1013,Packaging Machine,2026-08-26T09:00:00.000Z,2026-08-26T12:00:00.000Z,WC-ELEC,Fatimah Al-Zahrani,Medium,Medium,Medium,Medium,12,6.00,3550.00,SAR,23
62a6330c-d816-40f8-8b0d-8b18a5f11668,ORD-3014,"Pressure Sensor - Medium criticality / Medium safety / Low production impact (case 15)",Planned,Predictive,P300,Dammam Plant,Utility Yard,EQ-1014,Pressure Sensor,2026-08-27T10:00:00.000Z,2026-08-27T14:00:00.000Z,WC-INST,Khalid Al-Dosari,Medium,Medium,Low,Medium,11,7.00,3800.00,SAR,24
1e4b5374-231d-4bed-aaeb-da4e86b228ea,ORD-3015,"Pump Station Motor - Low criticality / Medium safety / High production impact (case 16)",Completed,Corrective,P400,Riyadh Plant,Packaging Hall,EQ-1015,Pump Station Motor,2026-08-28T11:00:00.000Z,2026-08-28T16:00:00.000Z,WC-CIVIL,Noura Al-Shehri,Low,Medium,High,Medium,11,8.00,4050.00,SAR,25
b2498750-b95a-454d-b82b-a54dc8cb45d8,ORD-3016,"Cooling Tower Fan - Low criticality / Medium safety / Medium production impact (case 17)",Open,Preventive,P100,Jubail Plant,Tank Farm,EQ-1016,Cooling Tower Fan,2026-08-29T12:00:00.000Z,2026-08-29T18:00:00.000Z,WC-MECH,Faisal Al-Ghamdi,Low,Medium,Medium,Medium,10,1.00,4300.00,SAR,26
316bd6d8-04f4-45ed-a0a6-2cb233664ae7,ORD-3017,"Valve Actuator - Low criticality / Medium safety / Low production impact (case 18)",InProcess,Predictive,P200,Yanbu Plant,Control Room,EQ-1017,Valve Actuator,2026-08-30T13:00:00.000Z,2026-08-30T20:00:00.000Z,WC-ELEC,Huda Al-Malki,Low,Medium,Low,Medium,9,2.00,4550.00,SAR,27
a55d20d0-437e-4791-b75f-2e106e9e327c,ORD-3018,"Control Panel - High criticality / Low safety / High production impact (case 19)",Planned,Corrective,P300,Dammam Plant,Pump Station,EQ-1018,Control Panel,2026-08-31T14:00:00.000Z,2026-08-31T16:00:00.000Z,WC-INST,Abdullah Al-Amri,High,Low,High,Medium,12,3.00,4800.00,SAR,28
940598fb-c078-481b-8c58-512e6222fecb,ORD-3019,"Heat Exchanger - High criticality / Low safety / Medium production impact (case 20)",Completed,Preventive,P400,Riyadh Plant,Cooling Tower,EQ-1019,Heat Exchanger,2026-09-01T15:00:00.000Z,2026-09-01T18:00:00.000Z,WC-CIVIL,Reem Al-Subaie,High,Low,Medium,Medium,11,4.00,5050.00,SAR,29
df7cffaf-05a2-4d9c-830b-8057489c0b4c,ORD-3020,"Compressor Unit - High criticality / Low safety / Low production impact (case 21)",Open,Predictive,P100,Jubail Plant,Compressor House,EQ-1020,Compressor Unit,2026-08-13T06:00:00.000Z,2026-08-13T10:00:00.000Z,WC-MECH,Ahmed Al-Otaibi,High,Low,Low,Medium,10,5.00,300.00,SAR,30
f01aec04-5984-4d2e-9cf0-c49eccff785f,ORD-3021,"Conveyor Motor - Medium criticality / Low safety / High production impact (case 22)",InProcess,Corrective,P200,Yanbu Plant,Line 1,EQ-1021,Conveyor Motor,2026-08-14T07:00:00.000Z,2026-08-14T12:00:00.000Z,WC-ELEC,Sara Al-Qahtani,Medium,Low,High,Medium,10,6.00,550.00,SAR,31
d76d80d5-30c4-4db2-8b20-783f3cf0805a,ORD-3022,"Backup Generator - Medium criticality / Low safety / Medium production impact (case 23)",Planned,Preventive,P300,Dammam Plant,Line 2,EQ-1022,Backup Generator,2026-08-15T08:00:00.000Z,2026-08-15T14:00:00.000Z,WC-INST,Mohammed Al-Harbi,Medium,Low,Medium,Medium,9,7.00,800.00,SAR,32
e7301529-4209-4f27-9a06-407f0281d82e,ORD-3023,"Packaging Machine - Medium criticality / Low safety / Low production impact (case 24)",Completed,Predictive,P400,Riyadh Plant,Boiler Room,EQ-1023,Packaging Machine,2026-08-16T09:00:00.000Z,2026-08-16T16:00:00.000Z,WC-CIVIL,Fatimah Al-Zahrani,Medium,Low,Low,Low,8,8.00,1050.00,SAR,33
817a0dda-b3da-4813-8abd-2d5ba6de351d,ORD-3024,"Pressure Sensor - Low criticality / Low safety / High production impact (case 25)",Open,Corrective,P100,Jubail Plant,Utility Yard,EQ-1024,Pressure Sensor,2026-08-17T10:00:00.000Z,2026-08-17T12:00:00.000Z,WC-MECH,Khalid Al-Dosari,Low,Low,High,Low,8,1.00,1300.00,SAR,34
b1616aef-5a92-4995-ac92-ad57264916c8,ORD-3025,"Pump Station Motor - Low criticality / Low safety / Medium production impact (case 26)",InProcess,Preventive,P200,Yanbu Plant,Packaging Hall,EQ-1025,Pump Station Motor,2026-08-18T11:00:00.000Z,2026-08-18T14:00:00.000Z,WC-ELEC,Noura Al-Shehri,Low,Low,Medium,Low,7,2.00,1550.00,SAR,35
857b850f-392b-4c5d-a737-e6044548d56a,ORD-3026,"Cooling Tower Fan - Low criticality / Low safety / Low production impact (case 27)",Planned,Predictive,P300,Dammam Plant,Tank Farm,EQ-1026,Cooling Tower Fan,2026-08-19T12:00:00.000Z,2026-08-19T16:00:00.000Z,WC-INST,Faisal Al-Ghamdi,Low,Low,Low,Low,6,3.00,1800.00,SAR,36
180738ab-25b6-4eeb-9663-6194543cb589,ORD-3027,"Valve Actuator - High criticality / High safety / High production impact (case 28)",Completed,Corrective,P400,Riyadh Plant,Control Room,EQ-1027,Valve Actuator,2026-08-20T13:00:00.000Z,2026-08-20T18:00:00.000Z,WC-CIVIL,Huda Al-Malki,High,High,High,Urgent,100,4.00,2050.00,SAR,37
c07bd2e9-230c-4004-833b-aa7c379031d0,ORD-3028,"Control Panel - High criticality / High safety / Medium production impact (case 29)",Open,Preventive,P100,Jubail Plant,Pump Station,EQ-1028,Control Panel,2026-08-21T14:00:00.000Z,2026-08-21T20:00:00.000Z,WC-MECH,Abdullah Al-Amri,High,High,Medium,Urgent,100,5.00,2300.00,SAR,38
d7bc13f8-4c50-4369-927c-c3e7fadbdcca,ORD-3029,"Heat Exchanger - High criticality / High safety / Low production impact (case 30)",InProcess,Predictive,P200,Yanbu Plant,Cooling Tower,EQ-1029,Heat Exchanger,2026-08-22T15:00:00.000Z,2026-08-22T22:00:00.000Z,WC-ELEC,Reem Al-Subaie,High,High,Low,Urgent,100,6.00,2550.00,SAR,39
7cca611f-2730-46d5-94b1-98649fd7d149,ORD-3030,"Compressor Unit - Medium criticality / High safety / High production impact (case 31)",Planned,Corrective,P300,Dammam Plant,Compressor House,EQ-1030,Compressor Unit,2026-08-23T06:00:00.000Z,2026-08-23T08:00:00.000Z,WC-INST,Ahmed Al-Otaibi,Medium,High,High,Urgent,100,7.00,2800.00,SAR,40
b7419b14-fa6b-4cde-b2de-176e70859fc7,ORD-3031,"Conveyor Motor - Medium criticality / High safety / Medium production impact (case 32)",Completed,Preventive,P400,Riyadh Plant,Line 1,EQ-1031,Conveyor Motor,2026-08-24T07:00:00.000Z,2026-08-24T10:00:00.000Z,WC-CIVIL,Sara Al-Qahtani,Medium,High,Medium,Urgent,100,8.00,3050.00,SAR,41
eaecbbba-0158-4ec1-8608-1b12d7c2dbfa,ORD-3032,"Backup Generator - Medium criticality / High safety / Low production impact (case 33)",Open,Predictive,P100,Jubail Plant,Line 2,EQ-1032,Backup Generator,2026-08-25T08:00:00.000Z,2026-08-25T12:00:00.000Z,WC-MECH,Mohammed Al-Harbi,Medium,High,Low,Urgent,100,1.00,3300.00,SAR,42
07b314a2-493c-4742-9477-e10e1d50b918,ORD-3033,"Packaging Machine - Low criticality / High safety / High production impact (case 34)",InProcess,Corrective,P200,Yanbu Plant,Boiler Room,EQ-1033,Packaging Machine,2026-08-26T09:00:00.000Z,2026-08-26T14:00:00.000Z,WC-ELEC,Fatimah Al-Zahrani,Low,High,High,Urgent,100,2.00,3550.00,SAR,43
c5f086bb-bd00-4f53-93da-ea7af0a15b07,ORD-3034,"Pressure Sensor - Low criticality / High safety / Medium production impact (case 35)",Planned,Preventive,P300,Dammam Plant,Utility Yard,EQ-1034,Pressure Sensor,2026-08-27T10:00:00.000Z,2026-08-27T16:00:00.000Z,WC-INST,Khalid Al-Dosari,Low,High,Medium,Urgent,100,3.00,3800.00,SAR,44
5f95a58a-0999-4313-b0e7-a0e7ab36c727,ORD-3035,"Pump Station Motor - Low criticality / High safety / Low production impact (case 36)",Completed,Predictive,P400,Riyadh Plant,Packaging Hall,EQ-1035,Pump Station Motor,2026-08-28T11:00:00.000Z,2026-08-28T18:00:00.000Z,WC-CIVIL,Noura Al-Shehri,Low,High,Low,Urgent,100,4.00,4050.00,SAR,45
91294768-4061-4228-82b8-75619e15fe64,ORD-3036,"Cooling Tower Fan - High criticality / Medium safety / High production impact (case 37)",Open,Corrective,P100,Jubail Plant,Tank Farm,EQ-1036,Cooling Tower Fan,2026-08-29T12:00:00.000Z,2026-08-29T14:00:00.000Z,WC-MECH,Faisal Al-Ghamdi,High,Medium,High,High,15,5.00,4300.00,SAR,46
f0f80ae6-f19f-4dbb-80cc-6d5502546258,ORD-3037,"Valve Actuator - High criticality / Medium safety / Medium production impact (case 38)",InProcess,Preventive,P200,Yanbu Plant,Control Room,EQ-1037,Valve Actuator,2026-08-30T13:00:00.000Z,2026-08-30T16:00:00.000Z,WC-ELEC,Huda Al-Malki,High,Medium,Medium,High,14,6.00,4550.00,SAR,47
83de6329-4be7-444b-8b35-28cc92c47f58,ORD-3038,"Control Panel - High criticality / Medium safety / Low production impact (case 39)",Planned,Predictive,P300,Dammam Plant,Pump Station,EQ-1038,Control Panel,2026-08-31T14:00:00.000Z,2026-08-31T18:00:00.000Z,WC-INST,Abdullah Al-Amri,High,Medium,Low,High,13,7.00,4800.00,SAR,48
552a99ad-ef6d-4dd6-93e7-0b77cbcca168,ORD-3039,"Heat Exchanger - Medium criticality / Medium safety / High production impact (case 40)",Completed,Corrective,P400,Riyadh Plant,Cooling Tower,EQ-1039,Heat Exchanger,2026-09-01T15:00:00.000Z,2026-09-01T20:00:00.000Z,WC-CIVIL,Reem Al-Subaie,Medium,Medium,High,High,13,8.00,5050.00,SAR,49
c7811217-a0cc-495f-a1db-dfdc831182c6,ORD-3040,"Compressor Unit - Medium criticality / Medium safety / Medium production impact (case 41)",Open,Preventive,P100,Jubail Plant,Compressor House,EQ-1040,Compressor Unit,2026-08-13T06:00:00.000Z,2026-08-13T12:00:00.000Z,WC-MECH,Ahmed Al-Otaibi,Medium,Medium,Medium,Medium,12,1.00,300.00,SAR,50
be58a22c-76ba-456f-a3e1-45be6db05674,ORD-3041,"Conveyor Motor - Medium criticality / Medium safety / Low production impact (case 42)",InProcess,Predictive,P200,Yanbu Plant,Line 1,EQ-1041,Conveyor Motor,2026-08-14T07:00:00.000Z,2026-08-14T14:00:00.000Z,WC-ELEC,Sara Al-Qahtani,Medium,Medium,Low,Medium,11,2.00,550.00,SAR,51
56df2df2-9dd6-481d-aab7-9c0c452fa56f,ORD-3042,"Backup Generator - Low criticality / Medium safety / High production impact (case 43)",Planned,Corrective,P300,Dammam Plant,Line 2,EQ-1042,Backup Generator,2026-08-15T08:00:00.000Z,2026-08-15T10:00:00.000Z,WC-INST,Mohammed Al-Harbi,Low,Medium,High,Medium,11,3.00,800.00,SAR,52
1b82c143-4509-46b0-b736-6d7cfa13fdbc,ORD-3043,"Packaging Machine - Low criticality / Medium safety / Medium production impact (case 44)",Completed,Preventive,P400,Riyadh Plant,Boiler Room,EQ-1043,Packaging Machine,2026-08-16T09:00:00.000Z,2026-08-16T12:00:00.000Z,WC-CIVIL,Fatimah Al-Zahrani,Low,Medium,Medium,Medium,10,4.00,1050.00,SAR,53
8536e054-3042-497b-9dbc-4a253a8e5120,ORD-3044,"Pressure Sensor - Low criticality / Medium safety / Low production impact (case 45)",Open,Predictive,P100,Jubail Plant,Utility Yard,EQ-1044,Pressure Sensor,2026-08-17T10:00:00.000Z,2026-08-17T14:00:00.000Z,WC-MECH,Khalid Al-Dosari,Low,Medium,Low,Medium,9,5.00,1300.00,SAR,54
1a752ee1-5569-4cc4-950b-980d73ea2286,ORD-3045,"Pump Station Motor - High criticality / Low safety / High production impact (case 46)",InProcess,Corrective,P200,Yanbu Plant,Packaging Hall,EQ-1045,Pump Station Motor,2026-08-18T11:00:00.000Z,2026-08-18T16:00:00.000Z,WC-ELEC,Noura Al-Shehri,High,Low,High,Medium,12,6.00,1550.00,SAR,55
a15c9700-fb62-411a-9c97-7f3d9897fee2,ORD-3046,"Cooling Tower Fan - High criticality / Low safety / Medium production impact (case 47)",Planned,Preventive,P300,Dammam Plant,Tank Farm,EQ-1046,Cooling Tower Fan,2026-08-19T12:00:00.000Z,2026-08-19T18:00:00.000Z,WC-INST,Faisal Al-Ghamdi,High,Low,Medium,Medium,11,7.00,1800.00,SAR,56
d3e23123-de7a-4bb0-875d-ff84d6c19075,ORD-3047,"Valve Actuator - High criticality / Low safety / Low production impact (case 48)",Completed,Predictive,P400,Riyadh Plant,Control Room,EQ-1047,Valve Actuator,2026-08-20T13:00:00.000Z,2026-08-20T20:00:00.000Z,WC-CIVIL,Huda Al-Malki,High,Low,Low,Medium,10,8.00,2050.00,SAR,57
a352b3a4-97c3-4dee-a025-12f51e77fbed,ORD-3048,"Control Panel - Medium criticality / Low safety / High production impact (case 49)",Open,Corrective,P100,Jubail Plant,Pump Station,EQ-1048,Control Panel,2026-08-21T14:00:00.000Z,2026-08-21T16:00:00.000Z,WC-MECH,Abdullah Al-Amri,Medium,Low,High,Medium,10,1.00,2300.00,SAR,58
8e36daf9-fe57-49f8-9e16-11d570e43f35,ORD-3049,"Heat Exchanger - Medium criticality / Low safety / Medium production impact (case 50)",InProcess,Preventive,P200,Yanbu Plant,Cooling Tower,EQ-1049,Heat Exchanger,2026-08-22T15:00:00.000Z,2026-08-22T18:00:00.000Z,WC-ELEC,Reem Al-Subaie,Medium,Low,Medium,Medium,9,2.00,2550.00,SAR,59
d6ca99ec-1fc5-40d1-8d37-9ff29d8b242f,ORD-3050,"Compressor Unit - Medium criticality / Low safety / Low production impact (case 51)",Planned,Predictive,P300,Dammam Plant,Compressor House,EQ-1050,Compressor Unit,2026-08-23T06:00:00.000Z,2026-08-23T10:00:00.000Z,WC-INST,Ahmed Al-Otaibi,Medium,Low,Low,Low,8,3.00,2800.00,SAR,60
912afec4-e217-4416-b9e5-4928f0adc489,ORD-3051,"Conveyor Motor - Low criticality / Low safety / High production impact (case 52)",Completed,Corrective,P400,Riyadh Plant,Line 1,EQ-1051,Conveyor Motor,2026-08-24T07:00:00.000Z,2026-08-24T12:00:00.000Z,WC-CIVIL,Sara Al-Qahtani,Low,Low,High,Low,8,4.00,3050.00,SAR,61
8823c4a7-cff2-4ac2-ae24-e4fb34bd40ed,ORD-3052,"Backup Generator - Low criticality / Low safety / Medium production impact (case 53)",Open,Preventive,P100,Jubail Plant,Line 2,EQ-1052,Backup Generator,2026-08-25T08:00:00.000Z,2026-08-25T14:00:00.000Z,WC-MECH,Mohammed Al-Harbi,Low,Low,Medium,Low,7,5.00,3300.00,SAR,62
986b7e8d-bbaa-43f7-84e2-28ff8cbb00f7,ORD-3053,"Packaging Machine - Low criticality / Low safety / Low production impact (case 54)",InProcess,Predictive,P200,Yanbu Plant,Boiler Room,EQ-1053,Packaging Machine,2026-08-26T09:00:00.000Z,2026-08-26T16:00:00.000Z,WC-ELEC,Fatimah Al-Zahrani,Low,Low,Low,Low,6,6.00,3550.00,SAR,63
ca5431b1-2467-4925-9bee-ea4ac8005c93,ORD-3054,"Pressure Sensor - High criticality / High safety / High production impact (case 55)",Planned,Corrective,P300,Dammam Plant,Utility Yard,EQ-1054,Pressure Sensor,2026-08-27T10:00:00.000Z,2026-08-27T12:00:00.000Z,WC-INST,Khalid Al-Dosari,High,High,High,Urgent,100,7.00,3800.00,SAR,64
9174bba7-7d84-45ba-9a0f-343bdd53e435,ORD-3055,"Pump Station Motor - High criticality / High safety / Medium production impact (case 56)",Completed,Preventive,P400,Riyadh Plant,Packaging Hall,EQ-1055,Pump Station Motor,2026-08-28T11:00:00.000Z,2026-08-28T14:00:00.000Z,WC-CIVIL,Noura Al-Shehri,High,High,Medium,Urgent,100,8.00,4050.00,SAR,65
0110c308-57dd-4209-8257-612e2c2e08b7,ORD-3056,"Cooling Tower Fan - High criticality / High safety / Low production impact (case 57)",Open,Predictive,P100,Jubail Plant,Tank Farm,EQ-1056,Cooling Tower Fan,2026-08-29T12:00:00.000Z,2026-08-29T16:00:00.000Z,WC-MECH,Faisal Al-Ghamdi,High,High,Low,Urgent,100,1.00,4300.00,SAR,66
958a7d74-ca13-417f-b584-8704bfd2fc9c,ORD-3057,"Valve Actuator - Medium criticality / High safety / High production impact (case 58)",InProcess,Corrective,P200,Yanbu Plant,Control Room,EQ-1057,Valve Actuator,2026-08-30T13:00:00.000Z,2026-08-30T18:00:00.000Z,WC-ELEC,Huda Al-Malki,Medium,High,High,Urgent,100,2.00,4550.00,SAR,67
a059d683-1cf4-4706-a3db-2db3deb75e19,ORD-3058,"Control Panel - Medium criticality / High safety / Medium production impact (case 59)",Planned,Preventive,P300,Dammam Plant,Pump Station,EQ-1058,Control Panel,2026-08-31T14:00:00.000Z,2026-08-31T20:00:00.000Z,WC-INST,Abdullah Al-Amri,Medium,High,Medium,Urgent,100,3.00,4800.00,SAR,68
b61ab5f4-8b72-4249-836f-0e769c05959c,ORD-3059,"Heat Exchanger - Medium criticality / High safety / Low production impact (case 60)",Completed,Predictive,P400,Riyadh Plant,Cooling Tower,EQ-1059,Heat Exchanger,2026-09-01T15:00:00.000Z,2026-09-01T22:00:00.000Z,WC-CIVIL,Reem Al-Subaie,Medium,High,Low,Urgent,100,4.00,5050.00,SAR,69
d42d7b97-aa03-436e-a718-61b055e0b79f,ORD-3060,"Compressor Unit - Low criticality / High safety / High production impact (case 61)",Open,Corrective,P100,Jubail Plant,Compressor House,EQ-1060,Compressor Unit,2026-08-13T06:00:00.000Z,2026-08-13T08:00:00.000Z,WC-MECH,Ahmed Al-Otaibi,Low,High,High,Urgent,100,5.00,300.00,SAR,70
609d75dc-ce7e-4f07-9608-276954d5698b,ORD-3061,"Conveyor Motor - Low criticality / High safety / Medium production impact (case 62)",InProcess,Preventive,P200,Yanbu Plant,Line 1,EQ-1061,Conveyor Motor,2026-08-14T07:00:00.000Z,2026-08-14T10:00:00.000Z,WC-ELEC,Sara Al-Qahtani,Low,High,Medium,Urgent,100,6.00,550.00,SAR,71
edece9e6-9b65-4fed-ab86-9633208b81ff,ORD-3062,"Backup Generator - Low criticality / High safety / Low production impact (case 63)",Planned,Predictive,P300,Dammam Plant,Line 2,EQ-1062,Backup Generator,2026-08-15T08:00:00.000Z,2026-08-15T12:00:00.000Z,WC-INST,Mohammed Al-Harbi,Low,High,Low,Urgent,100,7.00,800.00,SAR,72
ec426f5e-8284-4311-b606-19421607b5ef,ORD-3063,"Packaging Machine - High criticality / Medium safety / High production impact (case 64)",Completed,Corrective,P400,Riyadh Plant,Boiler Room,EQ-1063,Packaging Machine,2026-08-16T09:00:00.000Z,2026-08-16T14:00:00.000Z,WC-CIVIL,Fatimah Al-Zahrani,High,Medium,High,High,15,8.00,1050.00,SAR,73
9f052de7-b058-4aff-98a1-7d871c44d188,ORD-3064,"Pressure Sensor - High criticality / Medium safety / Medium production impact (case 65)",Open,Preventive,P100,Jubail Plant,Utility Yard,EQ-1064,Pressure Sensor,2026-08-17T10:00:00.000Z,2026-08-17T16:00:00.000Z,WC-MECH,Khalid Al-Dosari,High,Medium,Medium,High,14,1.00,1300.00,SAR,74
9f8d8572-b27a-4f7b-8b63-deaff0384dd9,ORD-3065,"Pump Station Motor - High criticality / Medium safety / Low production impact (case 66)",InProcess,Predictive,P200,Yanbu Plant,Packaging Hall,EQ-1065,Pump Station Motor,2026-08-18T11:00:00.000Z,2026-08-18T18:00:00.000Z,WC-ELEC,Noura Al-Shehri,High,Medium,Low,High,13,2.00,1550.00,SAR,75
606e7b9e-1634-4723-a204-337dbe28377f,ORD-3066,"Cooling Tower Fan - Medium criticality / Medium safety / High production impact (case 67)",Planned,Corrective,P300,Dammam Plant,Tank Farm,EQ-1066,Cooling Tower Fan,2026-08-19T12:00:00.000Z,2026-08-19T14:00:00.000Z,WC-INST,Faisal Al-Ghamdi,Medium,Medium,High,High,13,3.00,1800.00,SAR,76
f6f2ab7f-c037-418d-a56b-b58475b6fc31,ORD-3067,"Valve Actuator - Medium criticality / Medium safety / Medium production impact (case 68)",Completed,Preventive,P400,Riyadh Plant,Control Room,EQ-1067,Valve Actuator,2026-08-20T13:00:00.000Z,2026-08-20T16:00:00.000Z,WC-CIVIL,Huda Al-Malki,Medium,Medium,Medium,Medium,12,4.00,2050.00,SAR,77
a27d869c-cbf8-43d1-b4f0-c86a22b52c0e,ORD-3068,"Control Panel - Medium criticality / Medium safety / Low production impact (case 69)",Open,Predictive,P100,Jubail Plant,Pump Station,EQ-1068,Control Panel,2026-08-21T14:00:00.000Z,2026-08-21T18:00:00.000Z,WC-MECH,Abdullah Al-Amri,Medium,Medium,Low,Medium,11,5.00,2300.00,SAR,78
7fef58a0-d15b-49bf-80c4-96f1be5b63f9,ORD-3069,"Heat Exchanger - Low criticality / Medium safety / High production impact (case 70)",InProcess,Corrective,P200,Yanbu Plant,Cooling Tower,EQ-1069,Heat Exchanger,2026-08-22T15:00:00.000Z,2026-08-22T20:00:00.000Z,WC-ELEC,Reem Al-Subaie,Low,Medium,High,Medium,11,6.00,2550.00,SAR,79
bbdba960-0575-4c9d-a6be-91cb0222eb62,ORD-3070,"Compressor Unit - Low criticality / Medium safety / Medium production impact (case 71)",Planned,Preventive,P300,Dammam Plant,Compressor House,EQ-1070,Compressor Unit,2026-08-23T06:00:00.000Z,2026-08-23T12:00:00.000Z,WC-INST,Ahmed Al-Otaibi,Low,Medium,Medium,Medium,10,7.00,2800.00,SAR,80
1c393d3c-e3ea-4289-b5f2-3eff0d46a881,ORD-3071,"Conveyor Motor - Low criticality / Medium safety / Low production impact (case 72)",Completed,Predictive,P400,Riyadh Plant,Line 1,EQ-1071,Conveyor Motor,2026-08-24T07:00:00.000Z,2026-08-24T14:00:00.000Z,WC-CIVIL,Sara Al-Qahtani,Low,Medium,Low,Medium,9,8.00,3050.00,SAR,81
e6f5535c-027e-42aa-aeb9-81d97e894a52,ORD-3072,"Backup Generator - High criticality / Low safety / High production impact (case 73)",Open,Corrective,P100,Jubail Plant,Line 2,EQ-1072,Backup Generator,2026-08-25T08:00:00.000Z,2026-08-25T10:00:00.000Z,WC-MECH,Mohammed Al-Harbi,High,Low,High,Medium,12,1.00,3300.00,SAR,82
6cbdf830-d06f-4877-80fc-d3042e330380,ORD-3073,"Packaging Machine - High criticality / Low safety / Medium production impact (case 74)",InProcess,Preventive,P200,Yanbu Plant,Boiler Room,EQ-1073,Packaging Machine,2026-08-26T09:00:00.000Z,2026-08-26T12:00:00.000Z,WC-ELEC,Fatimah Al-Zahrani,High,Low,Medium,Medium,11,2.00,3550.00,SAR,83
3ce1568c-7212-458b-a205-974786f76143,ORD-3074,"Pressure Sensor - High criticality / Low safety / Low production impact (case 75)",Planned,Predictive,P300,Dammam Plant,Utility Yard,EQ-1074,Pressure Sensor,2026-08-27T10:00:00.000Z,2026-08-27T14:00:00.000Z,WC-INST,Khalid Al-Dosari,High,Low,Low,Medium,10,3.00,3800.00,SAR,84
3a292016-7f44-4c21-ad4e-e7b096428f74,ORD-3075,"Pump Station Motor - Medium criticality / Low safety / High production impact (case 76)",Completed,Corrective,P400,Riyadh Plant,Packaging Hall,EQ-1075,Pump Station Motor,2026-08-28T11:00:00.000Z,2026-08-28T16:00:00.000Z,WC-CIVIL,Noura Al-Shehri,Medium,Low,High,Medium,10,4.00,4050.00,SAR,85
2451af94-119e-4873-a5fa-9d54c9532b5e,ORD-3076,"Cooling Tower Fan - Medium criticality / Low safety / Medium production impact (case 77)",Open,Preventive,P100,Jubail Plant,Tank Farm,EQ-1076,Cooling Tower Fan,2026-08-29T12:00:00.000Z,2026-08-29T18:00:00.000Z,WC-MECH,Faisal Al-Ghamdi,Medium,Low,Medium,Medium,9,5.00,4300.00,SAR,86
3198aabd-b798-45d7-90b8-b4e3cb04aa9c,ORD-3077,"Valve Actuator - Medium criticality / Low safety / Low production impact (case 78)",InProcess,Predictive,P200,Yanbu Plant,Control Room,EQ-1077,Valve Actuator,2026-08-30T13:00:00.000Z,2026-08-30T20:00:00.000Z,WC-ELEC,Huda Al-Malki,Medium,Low,Low,Low,8,6.00,4550.00,SAR,87
37aa267c-1c4f-41bd-b049-4e9948547779,ORD-3078,"Control Panel - Low criticality / Low safety / High production impact (case 79)",Planned,Corrective,P300,Dammam Plant,Pump Station,EQ-1078,Control Panel,2026-08-31T14:00:00.000Z,2026-08-31T16:00:00.000Z,WC-INST,Abdullah Al-Amri,Low,Low,High,Low,8,7.00,4800.00,SAR,88
3c93837d-16fb-4e0e-8ddb-99bce7abf935,ORD-3079,"Heat Exchanger - Low criticality / Low safety / Medium production impact (case 80)",Completed,Preventive,P400,Riyadh Plant,Cooling Tower,EQ-1079,Heat Exchanger,2026-09-01T15:00:00.000Z,2026-09-01T18:00:00.000Z,WC-CIVIL,Reem Al-Subaie,Low,Low,Medium,Low,7,8.00,5050.00,SAR,89
cb7b3330-c3b4-4c05-bf98-51e85f0eb55c,ORD-3080,"Compressor Unit - Low criticality / Low safety / Low production impact (case 81)",Open,Predictive,P100,Jubail Plant,Compressor House,EQ-1080,Compressor Unit,2026-08-13T06:00:00.000Z,2026-08-13T10:00:00.000Z,WC-MECH,Ahmed Al-Otaibi,Low,Low,Low,Low,6,1.00,300.00,SAR,90
9183467b-eba5-4115-9c76-7fd3ae17aa4a,ORD-3081,"Conveyor Motor - High criticality / High safety / High production impact (case 82)",InProcess,Corrective,P200,Yanbu Plant,Line 1,EQ-1081,Conveyor Motor,2026-08-14T07:00:00.000Z,2026-08-14T12:00:00.000Z,WC-ELEC,Sara Al-Qahtani,High,High,High,Urgent,100,2.00,550.00,SAR,91
1518eb1c-20b0-4461-a3ac-ee3cfd20cb4e,ORD-3082,"Backup Generator - High criticality / High safety / Medium production impact (case 83)",Planned,Preventive,P300,Dammam Plant,Line 2,EQ-1082,Backup Generator,2026-08-15T08:00:00.000Z,2026-08-15T14:00:00.000Z,WC-INST,Mohammed Al-Harbi,High,High,Medium,Urgent,100,3.00,800.00,SAR,92
5b2f2964-2153-49ab-ac54-8574b2209b6e,ORD-3083,"Packaging Machine - High criticality / High safety / Low production impact (case 84)",Completed,Predictive,P400,Riyadh Plant,Boiler Room,EQ-1083,Packaging Machine,2026-08-16T09:00:00.000Z,2026-08-16T16:00:00.000Z,WC-CIVIL,Fatimah Al-Zahrani,High,High,Low,Urgent,100,4.00,1050.00,SAR,93
3e7f383a-c757-4b99-b2c6-a4b92f64be29,ORD-3084,"Pressure Sensor - Medium criticality / High safety / High production impact (case 85)",Open,Corrective,P100,Jubail Plant,Utility Yard,EQ-1084,Pressure Sensor,2026-08-17T10:00:00.000Z,2026-08-17T12:00:00.000Z,WC-MECH,Khalid Al-Dosari,Medium,High,High,Urgent,100,5.00,1300.00,SAR,94
31231360-1914-4195-be46-dc3ebcd1bd67,ORD-3085,"Pump Station Motor - Medium criticality / High safety / Medium production impact (case 86)",InProcess,Preventive,P200,Yanbu Plant,Packaging Hall,EQ-1085,Pump Station Motor,2026-08-18T11:00:00.000Z,2026-08-18T14:00:00.000Z,WC-ELEC,Noura Al-Shehri,Medium,High,Medium,Urgent,100,6.00,1550.00,SAR,95
452601a3-47e5-4993-a43f-c5e82086a2a8,ORD-3086,"Cooling Tower Fan - Medium criticality / High safety / Low production impact (case 87)",Planned,Predictive,P300,Dammam Plant,Tank Farm,EQ-1086,Cooling Tower Fan,2026-08-19T12:00:00.000Z,2026-08-19T16:00:00.000Z,WC-INST,Faisal Al-Ghamdi,Medium,High,Low,Urgent,100,7.00,1800.00,SAR,96
6ef50018-4d08-4b09-972e-8c4024ad376c,ORD-3087,"Valve Actuator - Low criticality / High safety / High production impact (case 88)",Completed,Corrective,P400,Riyadh Plant,Control Room,EQ-1087,Valve Actuator,2026-08-20T13:00:00.000Z,2026-08-20T18:00:00.000Z,WC-CIVIL,Huda Al-Malki,Low,High,High,Urgent,100,8.00,2050.00,SAR,97
fce86707-1eed-4ff7-b64a-8d9fad9c005e,ORD-3088,"Control Panel - Low criticality / High safety / Medium production impact (case 89)",Open,Preventive,P100,Jubail Plant,Pump Station,EQ-1088,Control Panel,2026-08-21T14:00:00.000Z,2026-08-21T20:00:00.000Z,WC-MECH,Abdullah Al-Amri,Low,High,Medium,Urgent,100,1.00,2300.00,SAR,98
88a0bd54-7329-4fdd-ac52-a706772f3606,ORD-3089,"Heat Exchanger - Low criticality / High safety / Low production impact (case 90)",InProcess,Predictive,P200,Yanbu Plant,Cooling Tower,EQ-1089,Heat Exchanger,2026-08-22T15:00:00.000Z,2026-08-22T22:00:00.000Z,WC-ELEC,Reem Al-Subaie,Low,High,Low,Urgent,100,2.00,2550.00,SAR,99
2d7c65bf-56a7-4a74-aa59-5e7be1191975,ORD-3090,"Compressor Unit - High criticality / Medium safety / High production impact (case 91)",Planned,Corrective,P300,Dammam Plant,Compressor House,EQ-1090,Compressor Unit,2026-08-23T06:00:00.000Z,2026-08-23T08:00:00.000Z,WC-INST,Ahmed Al-Otaibi,High,Medium,High,High,15,3.00,2800.00,SAR,10
7af0aa68-d0d5-4531-8817-f3c12fb0adba,ORD-3091,"Conveyor Motor - High criticality / Medium safety / Medium production impact (case 92)",Completed,Preventive,P400,Riyadh Plant,Line 1,EQ-1091,Conveyor Motor,2026-08-24T07:00:00.000Z,2026-08-24T10:00:00.000Z,WC-CIVIL,Sara Al-Qahtani,High,Medium,Medium,High,14,4.00,3050.00,SAR,11
b33d7e80-1ef8-43dd-893e-d902fc6ffd54,ORD-3092,"Backup Generator - High criticality / Medium safety / Low production impact (case 93)",Open,Predictive,P100,Jubail Plant,Line 2,EQ-1092,Backup Generator,2026-08-25T08:00:00.000Z,2026-08-25T12:00:00.000Z,WC-MECH,Mohammed Al-Harbi,High,Medium,Low,High,13,5.00,3300.00,SAR,12
c8f7bb2d-63a0-4861-8d96-f870fd2fd7a8,ORD-3093,"Packaging Machine - Medium criticality / Medium safety / High production impact (case 94)",InProcess,Corrective,P200,Yanbu Plant,Boiler Room,EQ-1093,Packaging Machine,2026-08-26T09:00:00.000Z,2026-08-26T14:00:00.000Z,WC-ELEC,Fatimah Al-Zahrani,Medium,Medium,High,High,13,6.00,3550.00,SAR,13
8ea33dee-fcd7-4a5b-8654-9f69fa270c47,ORD-3094,"Pressure Sensor - Medium criticality / Medium safety / Medium production impact (case 95)",Planned,Preventive,P300,Dammam Plant,Utility Yard,EQ-1094,Pressure Sensor,2026-08-27T10:00:00.000Z,2026-08-27T16:00:00.000Z,WC-INST,Khalid Al-Dosari,Medium,Medium,Medium,Medium,12,7.00,3800.00,SAR,14
750788e4-b6a9-40c8-8883-a67fb15ff0ce,ORD-3095,"Pump Station Motor - Medium criticality / Medium safety / Low production impact (case 96)",Completed,Predictive,P400,Riyadh Plant,Packaging Hall,EQ-1095,Pump Station Motor,2026-08-28T11:00:00.000Z,2026-08-28T18:00:00.000Z,WC-CIVIL,Noura Al-Shehri,Medium,Medium,Low,Medium,11,8.00,4050.00,SAR,15
3bf502fc-914d-4752-81af-f35d2c2c62a1,ORD-3096,"Cooling Tower Fan - Low criticality / Medium safety / High production impact (case 97)",Open,Corrective,P100,Jubail Plant,Tank Farm,EQ-1096,Cooling Tower Fan,2026-08-29T12:00:00.000Z,2026-08-29T14:00:00.000Z,WC-MECH,Faisal Al-Ghamdi,Low,Medium,High,Medium,11,1.00,4300.00,SAR,16
979eeef2-c8b5-4093-9ea6-8c1e735aa2d9,ORD-3097,"Valve Actuator - Low criticality / Medium safety / Medium production impact (case 98)",InProcess,Preventive,P200,Yanbu Plant,Control Room,EQ-1097,Valve Actuator,2026-08-30T13:00:00.000Z,2026-08-30T16:00:00.000Z,WC-ELEC,Huda Al-Malki,Low,Medium,Medium,Medium,10,2.00,4550.00,SAR,17
1958cca8-a2d9-4d22-9959-b5eb80785670,ORD-3098,"Control Panel - Low criticality / Medium safety / Low production impact (case 99)",Planned,Predictive,P300,Dammam Plant,Pump Station,EQ-1098,Control Panel,2026-08-31T14:00:00.000Z,2026-08-31T18:00:00.000Z,WC-INST,Abdullah Al-Amri,Low,Medium,Low,Medium,9,3.00,4800.00,SAR,18
38657f0b-97df-4c10-a957-049b34e57ad9,ORD-3099,"Heat Exchanger - High criticality / Low safety / High production impact (case 100)",Completed,Corrective,P400,Riyadh Plant,Cooling Tower,EQ-1099,Heat Exchanger,2026-09-01T15:00:00.000Z,2026-09-01T20:00:00.000Z,WC-CIVIL,Reem Al-Subaie,High,Low,High,Medium,12,4.00,5050.00,SAR,19
5e4261c2-654e-4b01-b65a-ff2db6c8af64,ORD-3100,"Compressor Unit - High criticality / Low safety / Medium production impact (case 101)",Open,Preventive,P100,Jubail Plant,Compressor House,EQ-1100,Compressor Unit,2026-08-13T06:00:00.000Z,2026-08-13T12:00:00.000Z,WC-MECH,Ahmed Al-Otaibi,High,Low,Medium,Medium,11,5.00,300.00,SAR,20
cbdf3324-4048-4926-92a1-8cc69429bf02,ORD-3101,"Conveyor Motor - High criticality / Low safety / Low production impact (case 102)",InProcess,Predictive,P200,Yanbu Plant,Line 1,EQ-1101,Conveyor Motor,2026-08-14T07:00:00.000Z,2026-08-14T14:00:00.000Z,WC-ELEC,Sara Al-Qahtani,High,Low,Low,Medium,10,6.00,550.00,SAR,21
3aa2467d-fabd-4abb-abc0-4f73419acff9,ORD-3102,"Backup Generator - Medium criticality / Low safety / High production impact (case 103)",Planned,Corrective,P300,Dammam Plant,Line 2,EQ-1102,Backup Generator,2026-08-15T08:00:00.000Z,2026-08-15T10:00:00.000Z,WC-INST,Mohammed Al-Harbi,Medium,Low,High,Medium,10,7.00,800.00,SAR,22
27be758c-ff9d-4433-96f9-7b0055b7cd81,ORD-3103,"Packaging Machine - Medium criticality / Low safety / Medium production impact (case 104)",Completed,Preventive,P400,Riyadh Plant,Boiler Room,EQ-1103,Packaging Machine,2026-08-16T09:00:00.000Z,2026-08-16T12:00:00.000Z,WC-CIVIL,Fatimah Al-Zahrani,Medium,Low,Medium,Medium,9,8.00,1050.00,SAR,23
beeb4b03-7df3-48db-b58d-efccb4781e0f,ORD-3104,"Pressure Sensor - Medium criticality / Low safety / Low production impact (case 105)",Open,Predictive,P100,Jubail Plant,Utility Yard,EQ-1104,Pressure Sensor,2026-08-17T10:00:00.000Z,2026-08-17T14:00:00.000Z,WC-MECH,Khalid Al-Dosari,Medium,Low,Low,Low,8,1.00,1300.00,SAR,24
caa00ea7-3d64-4239-a7ec-03ce341d69be,ORD-3105,"Pump Station Motor - Low criticality / Low safety / High production impact (case 106)",InProcess,Corrective,P200,Yanbu Plant,Packaging Hall,EQ-1105,Pump Station Motor,2026-08-18T11:00:00.000Z,2026-08-18T16:00:00.000Z,WC-ELEC,Noura Al-Shehri,Low,Low,High,Low,8,2.00,1550.00,SAR,25
b09e92a5-5b7c-466f-a08f-e12ee00def36,ORD-3106,"Cooling Tower Fan - Low criticality / Low safety / Medium production impact (case 107)",Planned,Preventive,P300,Dammam Plant,Tank Farm,EQ-1106,Cooling Tower Fan,2026-08-19T12:00:00.000Z,2026-08-19T18:00:00.000Z,WC-INST,Faisal Al-Ghamdi,Low,Low,Medium,Low,7,3.00,1800.00,SAR,26
5000e2f8-8556-4c9b-825d-9f73f7244075,ORD-3107,"Valve Actuator - Low criticality / Low safety / Low production impact (case 108)",Completed,Predictive,P400,Riyadh Plant,Control Room,EQ-1107,Valve Actuator,2026-08-20T13:00:00.000Z,2026-08-20T20:00:00.000Z,WC-CIVIL,Huda Al-Malki,Low,Low,Low,Low,6,4.00,2050.00,SAR,27
db9c968b-1592-4f7f-9407-2c4e49655d8f,ORD-3108,"Control Panel - High criticality / High safety / High production impact (case 109)",Open,Corrective,P100,Jubail Plant,Pump Station,EQ-1108,Control Panel,2026-08-21T14:00:00.000Z,2026-08-21T16:00:00.000Z,WC-MECH,Abdullah Al-Amri,High,High,High,Urgent,100,5.00,2300.00,SAR,28
f320796a-c78a-48ca-969b-21f4b007e663,ORD-3109,"Heat Exchanger - High criticality / High safety / Medium production impact (case 110)",InProcess,Preventive,P200,Yanbu Plant,Cooling Tower,EQ-1109,Heat Exchanger,2026-08-22T15:00:00.000Z,2026-08-22T18:00:00.000Z,WC-ELEC,Reem Al-Subaie,High,High,Medium,Urgent,100,6.00,2550.00,SAR,29
be9f68db-f28b-417b-b320-107c0d0a3a1d,ORD-3110,"Compressor Unit - High criticality / High safety / Low production impact (case 111)",Planned,Predictive,P300,Dammam Plant,Compressor House,EQ-1110,Compressor Unit,2026-08-23T06:00:00.000Z,2026-08-23T10:00:00.000Z,WC-INST,Ahmed Al-Otaibi,High,High,Low,Urgent,100,7.00,2800.00,SAR,30
4ccfaeb6-2a5c-4407-877a-ca7dac9b9192,ORD-3111,"Conveyor Motor - Medium criticality / High safety / High production impact (case 112)",Completed,Corrective,P400,Riyadh Plant,Line 1,EQ-1111,Conveyor Motor,2026-08-24T07:00:00.000Z,2026-08-24T12:00:00.000Z,WC-CIVIL,Sara Al-Qahtani,Medium,High,High,Urgent,100,8.00,3050.00,SAR,31
47110e3d-2b7b-4425-9222-5ddc7a0db404,ORD-3112,"Backup Generator - Medium criticality / High safety / Medium production impact (case 113)",Open,Preventive,P100,Jubail Plant,Line 2,EQ-1112,Backup Generator,2026-08-25T08:00:00.000Z,2026-08-25T14:00:00.000Z,WC-MECH,Mohammed Al-Harbi,Medium,High,Medium,Urgent,100,1.00,3300.00,SAR,32
5d5e520c-c1ab-49bc-926c-6d6b90561f76,ORD-3113,"Packaging Machine - Medium criticality / High safety / Low production impact (case 114)",InProcess,Predictive,P200,Yanbu Plant,Boiler Room,EQ-1113,Packaging Machine,2026-08-26T09:00:00.000Z,2026-08-26T16:00:00.000Z,WC-ELEC,Fatimah Al-Zahrani,Medium,High,Low,Urgent,100,2.00,3550.00,SAR,33
5c1e97f2-ca7e-4718-901c-1c66486c1179,ORD-3114,"Pressure Sensor - Low criticality / High safety / High production impact (case 115)",Planned,Corrective,P300,Dammam Plant,Utility Yard,EQ-1114,Pressure Sensor,2026-08-27T10:00:00.000Z,2026-08-27T12:00:00.000Z,WC-INST,Khalid Al-Dosari,Low,High,High,Urgent,100,3.00,3800.00,SAR,34
9c80d6ed-d64d-47b6-8c6e-652320822bb9,ORD-3115,"Pump Station Motor - Low criticality / High safety / Medium production impact (case 116)",Completed,Preventive,P400,Riyadh Plant,Packaging Hall,EQ-1115,Pump Station Motor,2026-08-28T11:00:00.000Z,2026-08-28T14:00:00.000Z,WC-CIVIL,Noura Al-Shehri,Low,High,Medium,Urgent,100,4.00,4050.00,SAR,35
511f7e7a-b261-4ce4-92d1-695f252dc036,ORD-3116,"Cooling Tower Fan - Low criticality / High safety / Low production impact (case 117)",Open,Predictive,P100,Jubail Plant,Tank Farm,EQ-1116,Cooling Tower Fan,2026-08-29T12:00:00.000Z,2026-08-29T16:00:00.000Z,WC-MECH,Faisal Al-Ghamdi,Low,High,Low,Urgent,100,5.00,4300.00,SAR,36
7626bea9-91dc-400c-a922-9c54002587b9,ORD-3117,"Valve Actuator - High criticality / Medium safety / High production impact (case 118)",InProcess,Corrective,P200,Yanbu Plant,Control Room,EQ-1117,Valve Actuator,2026-08-30T13:00:00.000Z,2026-08-30T18:00:00.000Z,WC-ELEC,Huda Al-Malki,High,Medium,High,High,15,6.00,4550.00,SAR,37
e42078ed-e26b-4224-8050-c2c08d6c9f8d,ORD-3118,"Control Panel - High criticality / Medium safety / Medium production impact (case 119)",Planned,Preventive,P300,Dammam Plant,Pump Station,EQ-1118,Control Panel,2026-08-31T14:00:00.000Z,2026-08-31T20:00:00.000Z,WC-INST,Abdullah Al-Amri,High,Medium,Medium,High,14,7.00,4800.00,SAR,38
c42652ff-5e6c-455b-a1c5-c1926c7e221a,ORD-3119,"Heat Exchanger - High criticality / Medium safety / Low production impact (case 120)",Completed,Predictive,P400,Riyadh Plant,Cooling Tower,EQ-1119,Heat Exchanger,2026-09-01T15:00:00.000Z,2026-09-01T22:00:00.000Z,WC-CIVIL,Reem Al-Subaie,High,Medium,Low,High,13,8.00,5050.00,SAR,39
bb9c4a0c-de7e-44c9-9ad1-40f33306568d,ORD-3120,"Compressor Unit - Medium criticality / Medium safety / High production impact (case 121)",Open,Corrective,P100,Jubail Plant,Compressor House,EQ-1120,Compressor Unit,2026-08-13T06:00:00.000Z,2026-08-13T08:00:00.000Z,WC-MECH,Ahmed Al-Otaibi,Medium,Medium,High,High,13,1.00,300.00,SAR,40
c6a267a4-2c31-4505-a26a-f2a0f9977468,ORD-3121,"Conveyor Motor - Medium criticality / Medium safety / Medium production impact (case 122)",InProcess,Preventive,P200,Yanbu Plant,Line 1,EQ-1121,Conveyor Motor,2026-08-14T07:00:00.000Z,2026-08-14T10:00:00.000Z,WC-ELEC,Sara Al-Qahtani,Medium,Medium,Medium,Medium,12,2.00,550.00,SAR,41
44d60b3a-96e2-40c2-8542-67a5f87b4cc7,ORD-3122,"Backup Generator - Medium criticality / Medium safety / Low production impact (case 123)",Planned,Predictive,P300,Dammam Plant,Line 2,EQ-1122,Backup Generator,2026-08-15T08:00:00.000Z,2026-08-15T12:00:00.000Z,WC-INST,Mohammed Al-Harbi,Medium,Medium,Low,Medium,11,3.00,800.00,SAR,42
a13c0f0a-2f79-47dd-8867-271f60ed33e4,ORD-3123,"Packaging Machine - Low criticality / Medium safety / High production impact (case 124)",Completed,Corrective,P400,Riyadh Plant,Boiler Room,EQ-1123,Packaging Machine,2026-08-16T09:00:00.000Z,2026-08-16T14:00:00.000Z,WC-CIVIL,Fatimah Al-Zahrani,Low,Medium,High,Medium,11,4.00,1050.00,SAR,43
69c78183-24be-4865-bd32-bacf53ff1cce,ORD-3124,"Pressure Sensor - Low criticality / Medium safety / Medium production impact (case 125)",Open,Preventive,P100,Jubail Plant,Utility Yard,EQ-1124,Pressure Sensor,2026-08-17T10:00:00.000Z,2026-08-17T16:00:00.000Z,WC-MECH,Khalid Al-Dosari,Low,Medium,Medium,Medium,10,5.00,1300.00,SAR,44
031f4a71-a2c0-4987-88f5-e43e275de3a4,ORD-3125,"Pump Station Motor - Low criticality / Medium safety / Low production impact (case 126)",InProcess,Predictive,P200,Yanbu Plant,Packaging Hall,EQ-1125,Pump Station Motor,2026-08-18T11:00:00.000Z,2026-08-18T18:00:00.000Z,WC-ELEC,Noura Al-Shehri,Low,Medium,Low,Medium,9,6.00,1550.00,SAR,45
7fcd1171-9b4f-464f-9c37-d262af3aa954,ORD-3126,"Cooling Tower Fan - High criticality / Low safety / High production impact (case 127)",Planned,Corrective,P300,Dammam Plant,Tank Farm,EQ-1126,Cooling Tower Fan,2026-08-19T12:00:00.000Z,2026-08-19T14:00:00.000Z,WC-INST,Faisal Al-Ghamdi,High,Low,High,Medium,12,7.00,1800.00,SAR,46
81b16ea4-3ebc-4d83-b4d2-07ab2460c23b,ORD-3127,"Valve Actuator - High criticality / Low safety / Medium production impact (case 128)",Completed,Preventive,P400,Riyadh Plant,Control Room,EQ-1127,Valve Actuator,2026-08-20T13:00:00.000Z,2026-08-20T16:00:00.000Z,WC-CIVIL,Huda Al-Malki,High,Low,Medium,Medium,11,8.00,2050.00,SAR,47
e7f01b3f-4526-44ce-839c-b61e74ceb128,ORD-3128,"Control Panel - High criticality / Low safety / Low production impact (case 129)",Open,Predictive,P100,Jubail Plant,Pump Station,EQ-1128,Control Panel,2026-08-21T14:00:00.000Z,2026-08-21T18:00:00.000Z,WC-MECH,Abdullah Al-Amri,High,Low,Low,Medium,10,1.00,2300.00,SAR,48
6c0b591b-eedd-485f-9e36-aceaf59a62c8,ORD-3129,"Heat Exchanger - Medium criticality / Low safety / High production impact (case 130)",InProcess,Corrective,P200,Yanbu Plant,Cooling Tower,EQ-1129,Heat Exchanger,2026-08-22T15:00:00.000Z,2026-08-22T20:00:00.000Z,WC-ELEC,Reem Al-Subaie,Medium,Low,High,Medium,10,2.00,2550.00,SAR,49
101bc7c7-d9ea-4b7e-8c76-1698883f692c,ORD-3130,"Compressor Unit - Medium criticality / Low safety / Medium production impact (case 131)",Planned,Preventive,P300,Dammam Plant,Compressor House,EQ-1130,Compressor Unit,2026-08-23T06:00:00.000Z,2026-08-23T12:00:00.000Z,WC-INST,Ahmed Al-Otaibi,Medium,Low,Medium,Medium,9,3.00,2800.00,SAR,50
e57d80ed-67ee-48a2-a625-eb49bf4a5dbb,ORD-3131,"Conveyor Motor - Medium criticality / Low safety / Low production impact (case 132)",Completed,Predictive,P400,Riyadh Plant,Line 1,EQ-1131,Conveyor Motor,2026-08-24T07:00:00.000Z,2026-08-24T14:00:00.000Z,WC-CIVIL,Sara Al-Qahtani,Medium,Low,Low,Low,8,4.00,3050.00,SAR,51
57bde6b0-7fb2-42b1-857b-b1b5fda16c1b,ORD-3132,"Backup Generator - Low criticality / Low safety / High production impact (case 133)",Open,Corrective,P100,Jubail Plant,Line 2,EQ-1132,Backup Generator,2026-08-25T08:00:00.000Z,2026-08-25T10:00:00.000Z,WC-MECH,Mohammed Al-Harbi,Low,Low,High,Low,8,5.00,3300.00,SAR,52
03432ba0-60b3-4c59-97cb-8b51e3818b4d,ORD-3133,"Packaging Machine - Low criticality / Low safety / Medium production impact (case 134)",InProcess,Preventive,P200,Yanbu Plant,Boiler Room,EQ-1133,Packaging Machine,2026-08-26T09:00:00.000Z,2026-08-26T12:00:00.000Z,WC-ELEC,Fatimah Al-Zahrani,Low,Low,Medium,Low,7,6.00,3550.00,SAR,53
bc5a610a-1ec4-49dd-90c3-198392a3ab16,ORD-3134,"Pressure Sensor - Low criticality / Low safety / Low production impact (case 135)",Planned,Predictive,P300,Dammam Plant,Utility Yard,EQ-1134,Pressure Sensor,2026-08-27T10:00:00.000Z,2026-08-27T14:00:00.000Z,WC-INST,Khalid Al-Dosari,Low,Low,Low,Low,6,7.00,3800.00,SAR,54
ac5ae08e-f7d9-425c-a3bc-d01887df96da,ORD-3135,"Pump Station Motor - High criticality / High safety / High production impact (case 136)",Completed,Corrective,P400,Riyadh Plant,Packaging Hall,EQ-1135,Pump Station Motor,2026-08-28T11:00:00.000Z,2026-08-28T16:00:00.000Z,WC-CIVIL,Noura Al-Shehri,High,High,High,Urgent,100,8.00,4050.00,SAR,55
abfeda6d-8e0b-4679-b07d-1f2903af5e3b,ORD-3136,"Cooling Tower Fan - High criticality / High safety / Medium production impact (case 137)",Open,Preventive,P100,Jubail Plant,Tank Farm,EQ-1136,Cooling Tower Fan,2026-08-29T12:00:00.000Z,2026-08-29T18:00:00.000Z,WC-MECH,Faisal Al-Ghamdi,High,High,Medium,Urgent,100,1.00,4300.00,SAR,56
108665fd-7751-43fb-995b-71e2195b3501,ORD-3137,"Valve Actuator - High criticality / High safety / Low production impact (case 138)",InProcess,Predictive,P200,Yanbu Plant,Control Room,EQ-1137,Valve Actuator,2026-08-30T13:00:00.000Z,2026-08-30T20:00:00.000Z,WC-ELEC,Huda Al-Malki,High,High,Low,Urgent,100,2.00,4550.00,SAR,57
67639bd3-6fc1-48c7-bc16-bf3e792597cc,ORD-3138,"Control Panel - Medium criticality / High safety / High production impact (case 139)",Planned,Corrective,P300,Dammam Plant,Pump Station,EQ-1138,Control Panel,2026-08-31T14:00:00.000Z,2026-08-31T16:00:00.000Z,WC-INST,Abdullah Al-Amri,Medium,High,High,Urgent,100,3.00,4800.00,SAR,58
10ff6ac0-78f7-42a8-bec8-2be4b622515a,ORD-3139,"Heat Exchanger - Medium criticality / High safety / Medium production impact (case 140)",Completed,Preventive,P400,Riyadh Plant,Cooling Tower,EQ-1139,Heat Exchanger,2026-09-01T15:00:00.000Z,2026-09-01T18:00:00.000Z,WC-CIVIL,Reem Al-Subaie,Medium,High,Medium,Urgent,100,4.00,5050.00,SAR,59
9a8763db-d684-46f1-8da4-c912254ce08e,ORD-3140,"Compressor Unit - Medium criticality / High safety / Low production impact (case 141)",Open,Predictive,P100,Jubail Plant,Compressor House,EQ-1140,Compressor Unit,2026-08-13T06:00:00.000Z,2026-08-13T10:00:00.000Z,WC-MECH,Ahmed Al-Otaibi,Medium,High,Low,Urgent,100,5.00,300.00,SAR,60
452b6a96-2b76-4bd9-9f8a-a307881253a0,ORD-3141,"Conveyor Motor - Low criticality / High safety / High production impact (case 142)",InProcess,Corrective,P200,Yanbu Plant,Line 1,EQ-1141,Conveyor Motor,2026-08-14T07:00:00.000Z,2026-08-14T12:00:00.000Z,WC-ELEC,Sara Al-Qahtani,Low,High,High,Urgent,100,6.00,550.00,SAR,61
2ab1bf73-3d69-4297-91cb-53a27454ab57,ORD-3142,"Backup Generator - Low criticality / High safety / Medium production impact (case 143)",Planned,Preventive,P300,Dammam Plant,Line 2,EQ-1142,Backup Generator,2026-08-15T08:00:00.000Z,2026-08-15T14:00:00.000Z,WC-INST,Mohammed Al-Harbi,Low,High,Medium,Urgent,100,7.00,800.00,SAR,62
d90ca786-5818-42a0-9769-0bc6078f9d1d,ORD-3143,"Packaging Machine - Low criticality / High safety / Low production impact (case 144)",Completed,Predictive,P400,Riyadh Plant,Boiler Room,EQ-1143,Packaging Machine,2026-08-16T09:00:00.000Z,2026-08-16T16:00:00.000Z,WC-CIVIL,Fatimah Al-Zahrani,Low,High,Low,Urgent,100,8.00,1050.00,SAR,63
ef19aebe-ed61-4559-9291-3977133cc89a,ORD-3144,"Pressure Sensor - High criticality / Medium safety / High production impact (case 145)",Open,Corrective,P100,Jubail Plant,Utility Yard,EQ-1144,Pressure Sensor,2026-08-17T10:00:00.000Z,2026-08-17T12:00:00.000Z,WC-MECH,Khalid Al-Dosari,High,Medium,High,High,15,1.00,1300.00,SAR,64
ae6b6116-a286-4b14-9f64-5c0a5f237c1c,ORD-3145,"Pump Station Motor - High criticality / Medium safety / Medium production impact (case 146)",InProcess,Preventive,P200,Yanbu Plant,Packaging Hall,EQ-1145,Pump Station Motor,2026-08-18T11:00:00.000Z,2026-08-18T14:00:00.000Z,WC-ELEC,Noura Al-Shehri,High,Medium,Medium,High,14,2.00,1550.00,SAR,65
46c96a2a-5a1f-440d-8748-1001db225111,ORD-3146,"Cooling Tower Fan - High criticality / Medium safety / Low production impact (case 147)",Planned,Predictive,P300,Dammam Plant,Tank Farm,EQ-1146,Cooling Tower Fan,2026-08-19T12:00:00.000Z,2026-08-19T16:00:00.000Z,WC-INST,Faisal Al-Ghamdi,High,Medium,Low,High,13,3.00,1800.00,SAR,66
c9935900-8d04-438e-aea4-4bfd1f441337,ORD-3147,"Valve Actuator - Medium criticality / Medium safety / High production impact (case 148)",Completed,Corrective,P400,Riyadh Plant,Control Room,EQ-1147,Valve Actuator,2026-08-20T13:00:00.000Z,2026-08-20T18:00:00.000Z,WC-CIVIL,Huda Al-Malki,Medium,Medium,High,High,13,4.00,2050.00,SAR,67
9c993675-a8c9-4b1e-b0fb-bb383fdfe9f6,ORD-3148,"Control Panel - Medium criticality / Medium safety / Medium production impact (case 149)",Open,Preventive,P100,Jubail Plant,Pump Station,EQ-1148,Control Panel,2026-08-21T14:00:00.000Z,2026-08-21T20:00:00.000Z,WC-MECH,Abdullah Al-Amri,Medium,Medium,Medium,Medium,12,5.00,2300.00,SAR,68
cf809c17-ff96-437f-8479-9ded490b0ad2,ORD-3149,"Heat Exchanger - Medium criticality / Medium safety / Low production impact (case 150)",InProcess,Predictive,P200,Yanbu Plant,Cooling Tower,EQ-1149,Heat Exchanger,2026-08-22T15:00:00.000Z,2026-08-22T22:00:00.000Z,WC-ELEC,Reem Al-Subaie,Medium,Medium,Low,Medium,11,6.00,2550.00,SAR,69
193a3989-cd56-42cf-b4f2-6bcc29a52aeb,ORD-3150,"Compressor Unit - Low criticality / Medium safety / High production impact (case 151)",Planned,Corrective,P300,Dammam Plant,Compressor House,EQ-1150,Compressor Unit,2026-08-23T06:00:00.000Z,2026-08-23T08:00:00.000Z,WC-INST,Ahmed Al-Otaibi,Low,Medium,High,Medium,11,7.00,2800.00,SAR,70
20aba1ea-22d9-4439-a042-ec6a77568bbf,ORD-3151,"Conveyor Motor - Low criticality / Medium safety / Medium production impact (case 152)",Completed,Preventive,P400,Riyadh Plant,Line 1,EQ-1151,Conveyor Motor,2026-08-24T07:00:00.000Z,2026-08-24T10:00:00.000Z,WC-CIVIL,Sara Al-Qahtani,Low,Medium,Medium,Medium,10,8.00,3050.00,SAR,71
94209f9e-8dba-477c-a733-65abe642e0e5,ORD-3152,"Backup Generator - Low criticality / Medium safety / Low production impact (case 153)",Open,Predictive,P100,Jubail Plant,Line 2,EQ-1152,Backup Generator,2026-08-25T08:00:00.000Z,2026-08-25T12:00:00.000Z,WC-MECH,Mohammed Al-Harbi,Low,Medium,Low,Medium,9,1.00,3300.00,SAR,72
28f18228-cf1d-4bbf-a9c2-0a92bbb30412,ORD-3153,"Packaging Machine - High criticality / Low safety / High production impact (case 154)",InProcess,Corrective,P200,Yanbu Plant,Boiler Room,EQ-1153,Packaging Machine,2026-08-26T09:00:00.000Z,2026-08-26T14:00:00.000Z,WC-ELEC,Fatimah Al-Zahrani,High,Low,High,Medium,12,2.00,3550.00,SAR,73
1a29df54-765b-4e77-a30e-c79258184fc0,ORD-3154,"Pressure Sensor - High criticality / Low safety / Medium production impact (case 155)",Planned,Preventive,P300,Dammam Plant,Utility Yard,EQ-1154,Pressure Sensor,2026-08-27T10:00:00.000Z,2026-08-27T16:00:00.000Z,WC-INST,Khalid Al-Dosari,High,Low,Medium,Medium,11,3.00,3800.00,SAR,74
a105c61e-9f16-433e-b3b8-214029982d7e,ORD-3155,"Pump Station Motor - High criticality / Low safety / Low production impact (case 156)",Completed,Predictive,P400,Riyadh Plant,Packaging Hall,EQ-1155,Pump Station Motor,2026-08-28T11:00:00.000Z,2026-08-28T18:00:00.000Z,WC-CIVIL,Noura Al-Shehri,High,Low,Low,Medium,10,4.00,4050.00,SAR,75
4b8a6c7d-3f56-4d8f-b5fd-421e6490fdaa,ORD-3156,"Cooling Tower Fan - Medium criticality / Low safety / High production impact (case 157)",Open,Corrective,P100,Jubail Plant,Tank Farm,EQ-1156,Cooling Tower Fan,2026-08-29T12:00:00.000Z,2026-08-29T14:00:00.000Z,WC-MECH,Faisal Al-Ghamdi,Medium,Low,High,Medium,10,5.00,4300.00,SAR,76
5b8207fe-58be-401e-b2fa-47f8de8b1160,ORD-3157,"Valve Actuator - Medium criticality / Low safety / Medium production impact (case 158)",InProcess,Preventive,P200,Yanbu Plant,Control Room,EQ-1157,Valve Actuator,2026-08-30T13:00:00.000Z,2026-08-30T16:00:00.000Z,WC-ELEC,Huda Al-Malki,Medium,Low,Medium,Medium,9,6.00,4550.00,SAR,77
6d109e16-abdb-4d2b-b1c1-354afeecf23c,ORD-3158,"Control Panel - Medium criticality / Low safety / Low production impact (case 159)",Planned,Predictive,P300,Dammam Plant,Pump Station,EQ-1158,Control Panel,2026-08-31T14:00:00.000Z,2026-08-31T18:00:00.000Z,WC-INST,Abdullah Al-Amri,Medium,Low,Low,Low,8,7.00,4800.00,SAR,78
971e2cb6-ebfb-4dbf-a1fb-45ba9e5882c5,ORD-3159,"Heat Exchanger - Low criticality / Low safety / High production impact (case 160)",Completed,Corrective,P400,Riyadh Plant,Cooling Tower,EQ-1159,Heat Exchanger,2026-09-01T15:00:00.000Z,2026-09-01T20:00:00.000Z,WC-CIVIL,Reem Al-Subaie,Low,Low,High,Low,8,8.00,5050.00,SAR,79
5cc32e77-6a79-4322-8752-f116dfacba18,ORD-3160,"Compressor Unit - Low criticality / Low safety / Medium production impact (case 161)",Open,Preventive,P100,Jubail Plant,Compressor House,EQ-1160,Compressor Unit,2026-08-13T06:00:00.000Z,2026-08-13T12:00:00.000Z,WC-MECH,Ahmed Al-Otaibi,Low,Low,Medium,Low,7,1.00,300.00,SAR,80
824756f2-37dd-418f-9aba-47078ca900d4,ORD-3161,"Conveyor Motor - Low criticality / Low safety / Low production impact (case 162)",InProcess,Predictive,P200,Yanbu Plant,Line 1,EQ-1161,Conveyor Motor,2026-08-14T07:00:00.000Z,2026-08-14T14:00:00.000Z,WC-ELEC,Sara Al-Qahtani,Low,Low,Low,Low,6,2.00,550.00,SAR,81
0544b8b0-7c8d-47c1-8f37-0cb15b2494d2,ORD-3162,"Backup Generator - High criticality / High safety / High production impact (case 163)",Planned,Corrective,P300,Dammam Plant,Line 2,EQ-1162,Backup Generator,2026-08-15T08:00:00.000Z,2026-08-15T10:00:00.000Z,WC-INST,Mohammed Al-Harbi,High,High,High,Urgent,100,3.00,800.00,SAR,82
582e83b2-0239-4f3b-b350-074370c9c0ed,ORD-3163,"Packaging Machine - High criticality / High safety / Medium production impact (case 164)",Completed,Preventive,P400,Riyadh Plant,Boiler Room,EQ-1163,Packaging Machine,2026-08-16T09:00:00.000Z,2026-08-16T12:00:00.000Z,WC-CIVIL,Fatimah Al-Zahrani,High,High,Medium,Urgent,100,4.00,1050.00,SAR,83
e5b42960-2e5e-44b0-90f3-11d77feedc81,ORD-3164,"Pressure Sensor - High criticality / High safety / Low production impact (case 165)",Open,Predictive,P100,Jubail Plant,Utility Yard,EQ-1164,Pressure Sensor,2026-08-17T10:00:00.000Z,2026-08-17T14:00:00.000Z,WC-MECH,Khalid Al-Dosari,High,High,Low,Urgent,100,5.00,1300.00,SAR,84
f20f50de-eff3-4775-973a-71d28b5c5512,ORD-3165,"Pump Station Motor - Medium criticality / High safety / High production impact (case 166)",InProcess,Corrective,P200,Yanbu Plant,Packaging Hall,EQ-1165,Pump Station Motor,2026-08-18T11:00:00.000Z,2026-08-18T16:00:00.000Z,WC-ELEC,Noura Al-Shehri,Medium,High,High,Urgent,100,6.00,1550.00,SAR,85
e5a816e9-20ba-4efc-8799-79f6e25d1b8d,ORD-3166,"Cooling Tower Fan - Medium criticality / High safety / Medium production impact (case 167)",Planned,Preventive,P300,Dammam Plant,Tank Farm,EQ-1166,Cooling Tower Fan,2026-08-19T12:00:00.000Z,2026-08-19T18:00:00.000Z,WC-INST,Faisal Al-Ghamdi,Medium,High,Medium,Urgent,100,7.00,1800.00,SAR,86
b7c8adff-1a83-4bd7-9389-9f38be974f5d,ORD-3167,"Valve Actuator - Medium criticality / High safety / Low production impact (case 168)",Completed,Predictive,P400,Riyadh Plant,Control Room,EQ-1167,Valve Actuator,2026-08-20T13:00:00.000Z,2026-08-20T20:00:00.000Z,WC-CIVIL,Huda Al-Malki,Medium,High,Low,Urgent,100,8.00,2050.00,SAR,87
74a87c71-c508-473b-91ed-cf098b60d680,ORD-3168,"Control Panel - Low criticality / High safety / High production impact (case 169)",Open,Corrective,P100,Jubail Plant,Pump Station,EQ-1168,Control Panel,2026-08-21T14:00:00.000Z,2026-08-21T16:00:00.000Z,WC-MECH,Abdullah Al-Amri,Low,High,High,Urgent,100,1.00,2300.00,SAR,88
e8ead4a7-2f99-4293-bce5-0ba914efb309,ORD-3169,"Heat Exchanger - Low criticality / High safety / Medium production impact (case 170)",InProcess,Preventive,P200,Yanbu Plant,Cooling Tower,EQ-1169,Heat Exchanger,2026-08-22T15:00:00.000Z,2026-08-22T18:00:00.000Z,WC-ELEC,Reem Al-Subaie,Low,High,Medium,Urgent,100,2.00,2550.00,SAR,89
f877abf8-9f08-4ab7-8d7d-232284bd3c11,ORD-3170,"Compressor Unit - Low criticality / High safety / Low production impact (case 171)",Planned,Predictive,P300,Dammam Plant,Compressor House,EQ-1170,Compressor Unit,2026-08-23T06:00:00.000Z,2026-08-23T10:00:00.000Z,WC-INST,Ahmed Al-Otaibi,Low,High,Low,Urgent,100,3.00,2800.00,SAR,90
ab1c4147-d438-4a9e-bdb9-346121e7a17b,ORD-3171,"Conveyor Motor - High criticality / Medium safety / High production impact (case 172)",Completed,Corrective,P400,Riyadh Plant,Line 1,EQ-1171,Conveyor Motor,2026-08-24T07:00:00.000Z,2026-08-24T12:00:00.000Z,WC-CIVIL,Sara Al-Qahtani,High,Medium,High,High,15,4.00,3050.00,SAR,91
77f627d4-b70f-47ce-a6f5-a52ac3e2c91e,ORD-3172,"Backup Generator - High criticality / Medium safety / Medium production impact (case 173)",Open,Preventive,P100,Jubail Plant,Line 2,EQ-1172,Backup Generator,2026-08-25T08:00:00.000Z,2026-08-25T14:00:00.000Z,WC-MECH,Mohammed Al-Harbi,High,Medium,Medium,High,14,5.00,3300.00,SAR,92
e68eeabe-0593-4f84-bc43-403cab90d3c1,ORD-3173,"Packaging Machine - High criticality / Medium safety / Low production impact (case 174)",InProcess,Predictive,P200,Yanbu Plant,Boiler Room,EQ-1173,Packaging Machine,2026-08-26T09:00:00.000Z,2026-08-26T16:00:00.000Z,WC-ELEC,Fatimah Al-Zahrani,High,Medium,Low,High,13,6.00,3550.00,SAR,93
883f7790-36bd-4a06-bc01-2e7c7d73163b,ORD-3174,"Pressure Sensor - Medium criticality / Medium safety / High production impact (case 175)",Planned,Corrective,P300,Dammam Plant,Utility Yard,EQ-1174,Pressure Sensor,2026-08-27T10:00:00.000Z,2026-08-27T12:00:00.000Z,WC-INST,Khalid Al-Dosari,Medium,Medium,High,High,13,7.00,3800.00,SAR,94
54977207-ff35-4640-8ea1-d7e7074d3fc6,ORD-3175,"Pump Station Motor - Medium criticality / Medium safety / Medium production impact (case 176)",Completed,Preventive,P400,Riyadh Plant,Packaging Hall,EQ-1175,Pump Station Motor,2026-08-28T11:00:00.000Z,2026-08-28T14:00:00.000Z,WC-CIVIL,Noura Al-Shehri,Medium,Medium,Medium,Medium,12,8.00,4050.00,SAR,95
13fa2b0b-f4d5-4d0e-b37e-c7526923ad9e,ORD-3176,"Cooling Tower Fan - Medium criticality / Medium safety / Low production impact (case 177)",Open,Predictive,P100,Jubail Plant,Tank Farm,EQ-1176,Cooling Tower Fan,2026-08-29T12:00:00.000Z,2026-08-29T16:00:00.000Z,WC-MECH,Faisal Al-Ghamdi,Medium,Medium,Low,Medium,11,1.00,4300.00,SAR,96
75239e3a-fff4-4041-9803-20d79da7ca4c,ORD-3177,"Valve Actuator - Low criticality / Medium safety / High production impact (case 178)",InProcess,Corrective,P200,Yanbu Plant,Control Room,EQ-1177,Valve Actuator,2026-08-30T13:00:00.000Z,2026-08-30T18:00:00.000Z,WC-ELEC,Huda Al-Malki,Low,Medium,High,Medium,11,2.00,4550.00,SAR,97
b2239b80-3aab-4a14-9ea6-5b4df8241177,ORD-3178,"Control Panel - Low criticality / Medium safety / Medium production impact (case 179)",Planned,Preventive,P300,Dammam Plant,Pump Station,EQ-1178,Control Panel,2026-08-31T14:00:00.000Z,2026-08-31T20:00:00.000Z,WC-INST,Abdullah Al-Amri,Low,Medium,Medium,Medium,10,3.00,4800.00,SAR,98
b29663f2-4d04-4803-bd1f-581c80c21406,ORD-3179,"Heat Exchanger - Low criticality / Medium safety / Low production impact (case 180)",Completed,Predictive,P400,Riyadh Plant,Cooling Tower,EQ-1179,Heat Exchanger,2026-09-01T15:00:00.000Z,2026-09-01T22:00:00.000Z,WC-CIVIL,Reem Al-Subaie,Low,Medium,Low,Medium,9,4.00,5050.00,SAR,99
4c4e6246-5b23-4b8f-b943-dd67315bee4c,ORD-3180,"Compressor Unit - High criticality / Low safety / High production impact (case 181)",Open,Corrective,P100,Jubail Plant,Compressor House,EQ-1180,Compressor Unit,2026-08-13T06:00:00.000Z,2026-08-13T08:00:00.000Z,WC-MECH,Ahmed Al-Otaibi,High,Low,High,Medium,12,5.00,300.00,SAR,10
1eb98fdb-458e-4e86-a980-66b9966715c9,ORD-3181,"Conveyor Motor - High criticality / Low safety / Medium production impact (case 182)",InProcess,Preventive,P200,Yanbu Plant,Line 1,EQ-1181,Conveyor Motor,2026-08-14T07:00:00.000Z,2026-08-14T10:00:00.000Z,WC-ELEC,Sara Al-Qahtani,High,Low,Medium,Medium,11,6.00,550.00,SAR,11
7fbeff85-7c93-4bf1-9e96-4dc2522df277,ORD-3182,"Backup Generator - High criticality / Low safety / Low production impact (case 183)",Planned,Predictive,P300,Dammam Plant,Line 2,EQ-1182,Backup Generator,2026-08-15T08:00:00.000Z,2026-08-15T12:00:00.000Z,WC-INST,Mohammed Al-Harbi,High,Low,Low,Medium,10,7.00,800.00,SAR,12
1b95e4ec-fa4f-4178-b0bb-6bb03d6c7468,ORD-3183,"Packaging Machine - Medium criticality / Low safety / High production impact (case 184)",Completed,Corrective,P400,Riyadh Plant,Boiler Room,EQ-1183,Packaging Machine,2026-08-16T09:00:00.000Z,2026-08-16T14:00:00.000Z,WC-CIVIL,Fatimah Al-Zahrani,Medium,Low,High,Medium,10,8.00,1050.00,SAR,13
01f74619-261b-407c-9651-6217688ca884,ORD-3184,"Pressure Sensor - Medium criticality / Low safety / Medium production impact (case 185)",Open,Preventive,P100,Jubail Plant,Utility Yard,EQ-1184,Pressure Sensor,2026-08-17T10:00:00.000Z,2026-08-17T16:00:00.000Z,WC-MECH,Khalid Al-Dosari,Medium,Low,Medium,Medium,9,1.00,1300.00,SAR,14
19410cb6-74de-4715-bc7e-0dc9325d591f,ORD-3185,"Pump Station Motor - Medium criticality / Low safety / Low production impact (case 186)",InProcess,Predictive,P200,Yanbu Plant,Packaging Hall,EQ-1185,Pump Station Motor,2026-08-18T11:00:00.000Z,2026-08-18T18:00:00.000Z,WC-ELEC,Noura Al-Shehri,Medium,Low,Low,Low,8,2.00,1550.00,SAR,15
33f51cd9-ff7f-4e88-9672-4cde0eacdf17,ORD-3186,"Cooling Tower Fan - Low criticality / Low safety / High production impact (case 187)",Planned,Corrective,P300,Dammam Plant,Tank Farm,EQ-1186,Cooling Tower Fan,2026-08-19T12:00:00.000Z,2026-08-19T14:00:00.000Z,WC-INST,Faisal Al-Ghamdi,Low,Low,High,Low,8,3.00,1800.00,SAR,16
49ca669c-2723-4488-abaf-427bab7a8c06,ORD-3187,"Valve Actuator - Low criticality / Low safety / Medium production impact (case 188)",Completed,Preventive,P400,Riyadh Plant,Control Room,EQ-1187,Valve Actuator,2026-08-20T13:00:00.000Z,2026-08-20T16:00:00.000Z,WC-CIVIL,Huda Al-Malki,Low,Low,Medium,Low,7,4.00,2050.00,SAR,17
16d46ae1-e027-4c85-8afd-b35d4e86e61c,ORD-3188,"Control Panel - Low criticality / Low safety / Low production impact (case 189)",Open,Predictive,P100,Jubail Plant,Pump Station,EQ-1188,Control Panel,2026-08-21T14:00:00.000Z,2026-08-21T18:00:00.000Z,WC-MECH,Abdullah Al-Amri,Low,Low,Low,Low,6,5.00,2300.00,SAR,18
252fb279-2628-45ed-aaf4-98caaab66554,ORD-3189,"Heat Exchanger - High criticality / High safety / High production impact (case 190)",InProcess,Corrective,P200,Yanbu Plant,Cooling Tower,EQ-1189,Heat Exchanger,2026-08-22T15:00:00.000Z,2026-08-22T20:00:00.000Z,WC-ELEC,Reem Al-Subaie,High,High,High,Urgent,100,6.00,2550.00,SAR,19
f551df93-0ae0-42d6-ba09-dfa2517bb9fe,ORD-3190,"Compressor Unit - High criticality / High safety / Medium production impact (case 191)",Planned,Preventive,P300,Dammam Plant,Compressor House,EQ-1190,Compressor Unit,2026-08-23T06:00:00.000Z,2026-08-23T12:00:00.000Z,WC-INST,Ahmed Al-Otaibi,High,High,Medium,Urgent,100,7.00,2800.00,SAR,20
4d2d11be-8e16-4dbd-81fa-b8166e55e957,ORD-3191,"Conveyor Motor - High criticality / High safety / Low production impact (case 192)",Completed,Predictive,P400,Riyadh Plant,Line 1,EQ-1191,Conveyor Motor,2026-08-24T07:00:00.000Z,2026-08-24T14:00:00.000Z,WC-CIVIL,Sara Al-Qahtani,High,High,Low,Urgent,100,8.00,3050.00,SAR,21
d50c9107-c7cf-454b-ad2e-a0dba5cf75fc,ORD-3192,"Backup Generator - Medium criticality / High safety / High production impact (case 193)",Open,Corrective,P100,Jubail Plant,Line 2,EQ-1192,Backup Generator,2026-08-25T08:00:00.000Z,2026-08-25T10:00:00.000Z,WC-MECH,Mohammed Al-Harbi,Medium,High,High,Urgent,100,1.00,3300.00,SAR,22
1d51369c-e86b-4500-88fc-19778b09b2a8,ORD-3193,"Packaging Machine - Medium criticality / High safety / Medium production impact (case 194)",InProcess,Preventive,P200,Yanbu Plant,Boiler Room,EQ-1193,Packaging Machine,2026-08-26T09:00:00.000Z,2026-08-26T12:00:00.000Z,WC-ELEC,Fatimah Al-Zahrani,Medium,High,Medium,Urgent,100,2.00,3550.00,SAR,23
0df3495a-5e81-42e9-80ee-2cc86fce110d,ORD-3194,"Pressure Sensor - Medium criticality / High safety / Low production impact (case 195)",Planned,Predictive,P300,Dammam Plant,Utility Yard,EQ-1194,Pressure Sensor,2026-08-27T10:00:00.000Z,2026-08-27T14:00:00.000Z,WC-INST,Khalid Al-Dosari,Medium,High,Low,Urgent,100,3.00,3800.00,SAR,24
40aa3984-1c07-4344-902d-edfaa027cd7e,ORD-3195,"Pump Station Motor - Low criticality / High safety / High production impact (case 196)",Completed,Corrective,P400,Riyadh Plant,Packaging Hall,EQ-1195,Pump Station Motor,2026-08-28T11:00:00.000Z,2026-08-28T16:00:00.000Z,WC-CIVIL,Noura Al-Shehri,Low,High,High,Urgent,100,4.00,4050.00,SAR,25
8b75a2f0-2d8b-4ee5-a429-3f07cf1ec22e,ORD-3196,"Cooling Tower Fan - Low criticality / High safety / Medium production impact (case 197)",Open,Preventive,P100,Jubail Plant,Tank Farm,EQ-1196,Cooling Tower Fan,2026-08-29T12:00:00.000Z,2026-08-29T18:00:00.000Z,WC-MECH,Faisal Al-Ghamdi,Low,High,Medium,Urgent,100,5.00,4300.00,SAR,26
d6ddd031-9b3b-4f23-9ecb-ac2a4e655574,ORD-3197,"Valve Actuator - Low criticality / High safety / Low production impact (case 198)",InProcess,Predictive,P200,Yanbu Plant,Control Room,EQ-1197,Valve Actuator,2026-08-30T13:00:00.000Z,2026-08-30T20:00:00.000Z,WC-ELEC,Huda Al-Malki,Low,High,Low,Urgent,100,6.00,4550.00,SAR,27
e9340934-742e-4ef9-aa99-ed0908db3cad,ORD-3198,"Control Panel - High criticality / Medium safety / High production impact (case 199)",Planned,Corrective,P300,Dammam Plant,Pump Station,EQ-1198,Control Panel,2026-08-31T14:00:00.000Z,2026-08-31T16:00:00.000Z,WC-INST,Abdullah Al-Amri,High,Medium,High,High,15,7.00,4800.00,SAR,28
fbf75ceb-8ae1-4811-a841-33bfe72a0ac7,ORD-3199,"Heat Exchanger - High criticality / Medium safety / Medium production impact (case 200)",Completed,Preventive,P400,Riyadh Plant,Cooling Tower,EQ-1199,Heat Exchanger,2026-09-01T15:00:00.000Z,2026-09-01T18:00:00.000Z,WC-CIVIL,Reem Al-Subaie,High,Medium,Medium,High,14,8.00,5050.00,SAR,29
